date,net,revenue,tax,refunds,orders,Charges,day,label,Deliveroo,UberEat,JustEat,POS_Cash,POS_Card,rolling7
2024-12-30,2497.69,2497.69,124.88,0.0,167.0,0.0,Monday,30 Dec,241.85,486.8,42.7,449.34,1277.0,
2024-12-31,4954.42,4954.42,247.72,0.0,330.0,0.0,Tuesday,31 Dec,733.0,987.69,62.04,625.85,2545.84,
2025-01-01,4056.91,4056.91,202.85,0.0,270.0,0.0,Wednesday,01 Jan,671.08,1002.83,78.23,675.23,1629.54,
2025-01-02,2596.19,2596.19,129.81,0.0,173.0,0.0,Thursday,02 Jan,327.69,677.74,38.23,428.16,1124.37,
2025-01-03,2817.5400000000004,2817.54,140.88,0.0,188.0,0.0,Friday,03 Jan,426.61,800.83,33.86,421.96,1134.28,
2025-01-04,3067.98,3067.98,153.4,0.0,205.0,0.0,Saturday,04 Jan,548.53,630.42,104.14,234.8,1550.09,
2025-01-05,2794.58,2794.58,139.73,0.0,186.0,0.0,Sunday,05 Jan,380.76,634.53,25.13,470.78,1283.38,3255.0442857142857
2025-01-06,2236.7700000000004,2236.77,111.84,0.0,149.0,0.0,Monday,06 Jan,398.94,587.97,25.13,372.78,851.95,3217.7700000000004
2025-01-07,1742.5200000000002,1742.52,87.13,0.0,116.0,0.0,Tuesday,07 Jan,238.54,399.88,20.2,339.19,744.71,2758.9271428571433
2025-01-08,1714.63,1714.63,85.73,0.0,114.0,0.0,Wednesday,08 Jan,346.45,494.29,0.0,226.48,647.41,2424.315714285715
2025-01-09,1933.15,1933.15,96.66,0.0,129.0,0.0,Thursday,09 Jan,295.97,643.04,42.31,203.49,748.34,2329.595714285714
2025-01-10,2987.8000000000006,2987.800000000001,149.39,0.0,199.0,0.0,Friday,10 Jan,572.55,889.05,18.98,309.5,1197.72,2353.9185714285713
2025-01-11,4033.45,4033.45,201.67,0.0,269.0,0.0,Saturday,11 Jan,451.93,1062.67,104.63,736.9,1677.32,2491.842857142857
2025-01-12,2934.3099999999995,2934.309999999999,146.72,0.0,196.0,0.0,Sunday,12 Jan,420.39,733.95,80.99,294.84,1404.14,2511.804285714286
2025-01-13,2308.84,2308.84,115.44,0.0,154.0,0.0,Monday,13 Jan,459.0,508.82,35.35,233.83,1071.84,2522.1
2025-01-14,1894.43,1894.43,94.72,0.0,126.0,0.0,Tuesday,14 Jan,412.39,409.94,0.0,262.43,809.67,2543.8014285714285
2025-01-15,2226.77,2226.77,111.34,0.0,148.0,0.0,Wednesday,15 Jan,387.87,627.23,37.0,405.0,769.67,2616.964285714286
2025-01-16,2012.29,2012.29,100.61,0.0,134.0,0.0,Thursday,16 Jan,528.9,525.23,0.0,354.54,603.62,2628.27
2025-01-17,3386.19,3386.19,169.31,0.0,226.0,0.0,Friday,17 Jan,517.06,855.41,102.66,348.71,1562.35,2685.182857142857
2025-01-18,3944.03,3944.03,197.2,0.0,263.0,0.0,Saturday,18 Jan,524.71,900.22,36.68,391.98,2090.44,2672.4085714285716
2025-01-19,4062.07,4062.07,203.1,0.0,271.0,0.0,Sunday,19 Jan,440.22,923.13,61.53,504.75,2132.44,2833.5171428571434
2025-01-20,2535.39,2535.39,126.77,0.0,169.0,0.0,Monday,20 Jan,314.34,596.6,25.63,329.31,1269.51,2865.881428571429
2025-01-21,2026.74,2026.74,101.34,0.0,135.0,0.0,Tuesday,21 Jan,267.87,404.45,34.63,242.86,1076.93,2884.782857142857
2025-01-22,1681.72,1681.72,84.09,0.0,112.0,0.0,Wednesday,22 Jan,236.39,507.78,8.75,185.49,743.31,2806.9185714285713
2025-01-23,1691.0599999999995,1691.06,84.55,0.0,113.0,0.0,Thursday,23 Jan,269.09,324.6,32.53,149.06,915.78,2761.028571428571
2025-01-24,3321.07,3321.07,166.05,0.0,221.0,0.0,Friday,24 Jan,462.33,965.04,67.63,311.47,1514.6,2751.7257142857147
2025-01-25,4770.599999999999,4770.599999999999,238.53,0.0,318.0,0.0,Saturday,25 Jan,633.86,803.22,27.48,696.1600000000001,2609.88,2869.807142857143
2025-01-26,3885.49,3885.49,194.27,0.0,259.0,0.0,Sunday,26 Jan,594.96,796.45,51.85,735.21,1707.02,2844.5814285714287
2025-01-27,2891.39,2891.39,144.57,0.0,193.0,0.0,Monday,27 Jan,534.69,516.08,50.48,349.22,1440.92,2895.4385714285713
2025-01-28,2606.57,2606.57,130.33,0.0,174.0,0.0,Tuesday,28 Jan,588.89,489.73,14.0,417.94,1096.01,2978.2714285714283
2025-01-29,2142.94,2142.94,107.15,0.0,143.0,0.0,Wednesday,29 Jan,220.22,583.47,34.38,129.1,1175.77,3044.1600000000003
2025-01-30,2578.72,2578.72,128.94,0.0,172.0,0.0,Thursday,30 Jan,406.41,587.34,0.0,448.85,1136.12,3170.968571428571
2025-01-31,3509.0200000000004,3509.02,175.45,0.0,234.0,0.0,Friday,31 Jan,353.27,994.03,0.0,327.04999999999995,1834.67,3197.8185714285714
2025-02-01,5101.16,5101.16,255.06,0.0,340.0,0.0,Saturday,01 Feb,524.8,1273.24,0.0,448.98,2854.14,3245.0414285714282
2025-02-02,4963.5,4963.5,248.18,0.0,331.0,0.0,Sunday,02 Feb,769.82,1224.95,0.0,782.83,2185.9,3399.042857142857
2025-02-03,2488.2900000000004,2488.29,124.41,0.0,166.0,0.0,Monday,03 Feb,376.24,516.98,0.0,343.76,1251.31,3341.457142857143
2025-02-04,2360.51,2360.51,118.03,0.0,157.0,0.0,Tuesday,04 Feb,261.63,553.19,0.0,227.48,1318.21,3306.3057142857147
2025-02-05,2967.1000000000004,2967.1,148.36,0.0,198.0,0.0,Wednesday,05 Feb,344.86,809.55,0.0,517.67,1295.02,3424.042857142857
2025-02-06,3356.1600000000003,3356.16,167.81,0.0,224.0,0.0,Thursday,06 Feb,401.02,986.42,25.0,402.04,1541.68,3535.1057142857144
2025-02-07,3860.75,3860.75,193.04,0.0,257.0,0.0,Friday,07 Feb,347.21,1049.74,21.75,633.6800000000001,1808.37,3585.3528571428574
2025-02-08,5205.26,5205.26,260.26,0.0,347.0,0.0,Saturday,08 Feb,591.62,1509.36,68.53,597.79,2437.96,3600.224285714286
2025-02-09,4908.84,4908.84,245.44,0.0,327.0,0.0,Sunday,09 Feb,801.79,1449.08,74.68,664.38,1918.91,3592.415714285715
2025-02-10,2801.5,2801.5,140.08,0.0,187.0,0.0,Monday,10 Feb,383.77,875.6300000000001,18.25,389.13,1134.72,3637.1600000000003
2025-02-11,2641.8900000000003,2641.89,132.09,0.0,176.0,0.0,Tuesday,11 Feb,372.7,742.25,30.85,258.64,1237.45,3677.3571428571427
2025-02-12,2551.69,2551.69,127.58,0.0,170.0,0.0,Wednesday,12 Feb,343.32,725.73,0.0,493.74,988.9,3618.0128571428572
2025-02-13,2956.9000000000005,2956.900000000001,147.85,0.0,197.0,0.0,Thursday,13 Feb,581.36,690.92,76.15,411.49,1196.98,3560.9757142857147
2025-02-14,5410.12,5410.12,270.51,0.0,361.0,0.0,Friday,14 Feb,621.1,1638.48,113.48,515.85,2521.21,3782.314285714286
2025-02-15,5178.07,5178.07,258.9,0.0,345.0,0.0,Saturday,15 Feb,670.39,1324.98,59.61,474.09,2649.0,3778.4300000000003
2025-02-16,5013.31,5013.31,250.67,0.0,334.0,0.0,Sunday,16 Feb,725.67,1201.6,16.88,707.16,2362.0,3793.3542857142857
2025-02-17,2669.43,2669.43,133.47,0.0,178.0,0.0,Monday,17 Feb,273.62,760.5600000000001,0.0,361.5,1273.75,3774.4871428571428
2025-02-18,2772.11,2772.11,138.61,0.0,185.0,0.0,Tuesday,18 Feb,365.93,655.1400000000001,32.4,555.14,1163.5,3793.09
2025-02-19,2800.8700000000003,2800.87,140.04,0.0,187.0,0.0,Wednesday,19 Feb,428.82,960.4,19.6,398.0,994.05,3828.687142857143
2025-02-20,3033.88,3033.88,151.69,0.0,202.0,0.0,Thursday,20 Feb,439.56,756.89,12.1,469.03,1356.3,3839.684285714286
2025-02-21,4287.719999999999,4287.719999999999,214.39,0.0,286.0,0.0,Friday,21 Feb,571.53,1188.98,75.98,330.05,2121.18,3679.3414285714284
2025-02-22,4922.52,4922.52,246.13,0.0,328.0,0.0,Saturday,22 Feb,390.91,847.99,26.25,871.32,2786.05,3642.834285714285
2025-02-23,5528.05,5528.05,276.4,0.0,369.0,0.0,Sunday,23 Feb,606.58,1504.93,78.79,1404.0,1933.75,3716.3685714285716
2025-02-24,3149.9700000000003,3149.97,157.5,0.0,210.0,0.0,Monday,24 Feb,436.98,781.59,14.5,431.75,1485.15,3785.0171428571434
2025-02-25,3367.92,3367.92,168.4,0.0,225.0,0.0,Tuesday,25 Feb,395.29,538.7,34.5,456.43,1943.0,3870.132857142857
2025-02-26,3382.9700000000003,3382.97,169.15,0.0,226.0,0.0,Wednesday,26 Feb,280.14,704.5300000000001,10.0,612.0,1776.3,3953.2900000000004
2025-02-27,3264.18,3264.18,163.21,0.0,218.0,0.0,Thursday,27 Feb,690.42,576.21,0.0,526.75,1470.8,3986.19
2025-02-28,4227.49,4227.49,211.37,0.0,282.0,0.0,Friday,28 Feb,426.04,801.27,15.5,664.33,2320.35,3977.585714285714
2025-03-01,4545.47,4545.47,227.27,0.0,303.0,0.0,Saturday,01 Mar,503.34,1138.99,0.0,413.49,2489.65,3923.721428571429
2025-03-02,4121.97,4121.97,206.1,0.0,275.0,0.0,Sunday,02 Mar,327.08,1229.19,27.5,558.5,1979.7,3722.8528571428574
2025-03-03,2645.62,2645.62,132.28,0.0,176.0,0.0,Monday,03 Mar,474.93,472.54,0.0,395.3,1302.85,3650.802857142857
2025-03-04,3011.1600000000003,3011.16,150.56,0.0,201.0,0.0,Tuesday,04 Mar,367.41,707.5799999999999,47.17,471.3,1417.7,3599.837142857143
2025-03-05,2619.83,2619.83,130.99,0.0,175.0,0.0,Wednesday,05 Mar,382.42,630.53,16.38,659.5,931.0,3490.8171428571427
2025-03-06,3154.05,3154.05,157.7,0.0,210.0,0.0,Thursday,06 Mar,295.3,912.75,26.25,321.75,1598.0,3475.0842857142857
2025-03-07,3777.83,3777.829999999999,188.89,0.0,252.0,0.0,Friday,07 Mar,474.39,670.53,18.75,472.96,2141.2,3410.847142857143
2025-03-08,5233.339999999999,5233.339999999999,261.67,0.0,349.0,0.0,Saturday,08 Mar,600.31,893.8,32.03,814.0,2893.2,3509.1142857142854
2025-03-09,4706.82,4706.82,235.34,0.0,314.0,0.0,Sunday,09 Mar,348.5,1128.81,57.01,911.6,2260.9,3592.664285714286
2025-03-10,2509.01,2509.01,125.45,0.0,167.0,0.0,Monday,10 Mar,251.3,705.9,26.31,390.55,1134.95,3573.1485714285714
2025-03-11,2794.0000000000005,2794.0,139.7,0.0,186.0,0.0,Tuesday,11 Mar,346.04,693.21,15.75,293.3,1445.7,3542.1257142857144
2025-03-12,2506.7,2506.7,125.34,0.0,167.0,0.0,Wednesday,12 Mar,411.54,514.71,31.25,304.15,1245.05,3525.964285714286
2025-03-13,3002.1,3002.1,150.1,0.0,200.0,0.0,Thursday,13 Mar,436.6,660.6,42.25,303.0,1559.65,3504.2571428571428
2025-03-14,4091.44,4091.44,204.57,0.0,273.0,0.0,Friday,14 Mar,411.66,1069.95,36.78,559.0,2014.05,3549.058571428571
2025-03-15,4813.92,4813.92,240.7,0.0,321.0,0.0,Saturday,15 Mar,613.77,952.1,89.7,418.5,2739.8500000000004,3489.141428571428
2025-03-16,4568.22,4568.22,228.41,0.0,305.0,0.0,Sunday,16 Mar,564.71,1037.36,0.0,684.25,2281.9,3469.3414285714284
2025-03-17,2743.2000000000003,2743.2,137.16,0.0,183.0,0.0,Monday,17 Mar,394.5,746.47,56.88,316.85,1228.5,3502.7971428571427
2025-03-18,2573.63,2573.63,128.68,0.0,172.0,0.0,Tuesday,18 Mar,291.69,634.79,19.5,406.5,1221.15,3471.315714285714
2025-03-19,2262.46,2262.46,113.12,0.0,151.0,0.0,Wednesday,19 Mar,293.38,392.0,19.2,439.5,1118.38,3436.424285714286
2025-03-20,2766.22,2766.22,138.31,0.0,184.0,0.0,Thursday,20 Mar,315.8,444.02,18.35,499.75,1488.3,3402.727142857143
2025-03-21,3333.29,3333.29,166.66,0.0,222.0,0.0,Friday,21 Mar,367.39,910.43,0.0,409.37,1646.1,3294.4200000000005
2025-03-22,4490.12,4490.12,224.51,0.0,299.0,0.0,Saturday,22 Mar,439.23,933.91,0.0,848.63,2268.35,3248.162857142858
2025-03-23,3970.78,3970.78,198.54,0.0,265.0,0.0,Sunday,23 Mar,583.74,862.9599999999999,19.2,615.28,1889.6,3162.8142857142857
2025-03-24,2624.56,2624.56,131.23,0.0,175.0,0.0,Monday,24 Mar,306.01,675.85,0.0,426.75,1215.95,3145.8657142857146
2025-03-25,3209.11,3209.11,160.46,0.0,214.0,0.0,Tuesday,25 Mar,408.22,957.96,23.68,311.7,1507.55,3236.6485714285714
2025-03-26,2499.76,2499.76,124.99,0.0,167.0,0.0,Wednesday,26 Mar,264.7,708.13,0.0,289.33,1237.6,3270.5485714285714
2025-03-27,2811.37,2811.37,140.57,0.0,187.0,0.0,Thursday,27 Mar,375.79,693.95,0.0,403.13,1338.5,3276.9985714285713
2025-03-28,2925.8,2925.8,146.29,0.0,195.0,0.0,Friday,28 Mar,218.0,482.4,0.0,519.0,1706.4,3218.785714285714
2025-03-29,3618.2,3618.2,180.91,0.0,241.0,0.0,Saturday,29 Mar,534.21,506.91,44.48,601.0,1931.6,3094.225714285714
2025-03-30,6722.23,6722.23,336.11,0.0,448.0,0.0,Sunday,30 Mar,797.4,335.2,16.88,1146.9,4425.85,3487.29
2025-03-31,4783.24,4783.24,239.16,0.0,319.0,0.0,Monday,31 Mar,214.79,655.95,0.0,1225.5,2687.0,3795.672857142857
2025-04-01,3270.82,3270.82,163.54,0.0,218.0,0.0,Tuesday,01 Apr,545.5,501.04,25.78,600.0,1598.5,3804.488571428571
2025-04-02,2643.9300000000003,2643.93,132.2,0.0,176.0,0.0,Wednesday,02 Apr,296.23,433.48,46.75,378.12,1489.35,3825.0842857142857
2025-04-03,2440.4700000000003,2440.47,122.02,0.0,163.0,0.0,Thursday,03 Apr,234.61,767.73,0.0,233.0,1205.13,3772.0985714285716
2025-04-04,3294.28,3294.28,164.71,0.0,220.0,0.0,Friday,04 Apr,474.04,1086.79,0.0,428.0,1305.45,3824.738571428571
2025-04-05,4474.91,4474.910000000001,223.75,0.0,298.0,0.0,Saturday,05 Apr,453.76,1061.01,17.0,722.06,2221.08,3947.1257142857144
2025-04-06,3571.23,3571.23,178.56,0.0,238.0,0.0,Sunday,06 Apr,489.32,656.26,63.85,692.75,1669.05,3496.9828571428575
2025-04-07,2042.84,2042.84,102.14,0.0,136.0,0.0,Monday,07 Apr,251.15,450.2,9.38,328.36,1003.75,3105.497142857143
2025-04-08,2179.25,2179.25,108.96,0.0,145.0,0.0,Tuesday,08 Apr,251.85,478.61,29.04,262.85,1156.9,2949.558571428571
2025-04-09,1744.63,1744.63,87.23,0.0,116.0,0.0,Wednesday,09 Apr,136.93,460.77,17.75,373.98,755.2,2821.087142857143
2025-04-10,2493.79,2493.79,124.69,0.0,166.0,0.0,Thursday,10 Apr,302.17,601.75,0.0,234.12,1355.75,2828.7042857142856
2025-04-11,3104.2200000000003,3104.22,155.21,0.0,207.0,0.0,Friday,11 Apr,300.31,925.41,28.75,453.3,1396.45,2801.5528571428576
2025-04-12,4421.79,4421.79,221.09,0.0,295.0,0.0,Saturday,12 Apr,626.12,792.31,24.38,663.18,2315.8,2793.964285714286
2025-04-13,3241.54,3241.54,162.08,0.0,216.0,0.0,Sunday,13 Apr,268.96,473.88,0.0,813.0,1685.7,2746.865714285714
2025-04-14,2684.3,2684.3,134.22,0.0,179.0,0.0,Monday,14 Apr,367.27,540.37,0.0,534.51,1242.15,2838.502857142857
2025-04-15,3071.59,3071.59,153.58,0.0,205.0,0.0,Tuesday,15 Apr,460.34,868.3499999999999,0.0,477.5,1265.4,2965.98
2025-04-16,2692.880000000001,2692.880000000001,134.64,0.0,180.0,0.0,Wednesday,16 Apr,342.01,378.82,9.38,508.67,1454.0,3101.4442857142863
2025-04-17,2587.05,2587.05,129.35,0.0,172.0,0.0,Thursday,17 Apr,284.3,475.07,10.63,388.0,1429.05,3114.7671428571434
2025-04-18,3609.91,3609.91,180.5,0.0,241.0,0.0,Friday,18 Apr,461.99,715.6899999999999,51.78,360.85,2019.6,3187.0085714285715
2025-04-19,3862.76,3862.76,193.14,0.0,258.0,0.0,Saturday,19 Apr,425.1,747.76,32.0,502.0,2155.9,3107.1471428571426
2025-04-20,4064.03,4064.03,203.2,0.0,271.0,0.0,Sunday,20 Apr,391.32,728.73,18.25,860.23,2065.5,3224.6457142857143
2025-04-21,2966.58,2966.58,148.33,0.0,198.0,0.0,Monday,21 Apr,380.81,500.62,0.0,586.74,1498.41,3264.9714285714285
2025-04-22,1894.15,1894.15,94.71,0.0,126.0,0.0,Tuesday,22 Apr,223.69,457.15,22.56,344.95,845.8,3096.7657142857142
2025-04-23,2545.87,2545.87,127.29,0.0,170.0,0.0,Wednesday,23 Apr,341.01,525.88,0.0,370.48,1308.5,3075.7642857142855
2025-04-24,2329.06,2329.06,116.45,0.0,155.0,0.0,Thursday,24 Apr,233.96,550.1,19.25,325.0,1200.75,3038.9085714285716
2025-04-25,3172.87,3172.87,158.64,0.0,212.0,0.0,Friday,25 Apr,377.94,980.45,0.0,445.1,1369.38,2976.4742857142855
2025-04-26,3600.16,3600.16,180.01,0.0,240.0,0.0,Saturday,26 Apr,473.17,927.58,80.16,485.0,1634.25,2938.9599999999996
2025-04-27,3526.3900000000003,3526.39,176.32,0.0,235.0,0.0,Sunday,27 Apr,508.33,855.28,0.0,358.83,1803.95,2862.1542857142854
2025-04-28,2040.15,2040.15,102.01,0.0,136.0,0.0,Monday,28 Apr,248.63,506.01,17.01,329.25,939.25,2729.807142857143
2025-04-29,2217.91,2217.91,110.9,0.0,148.0,0.0,Tuesday,29 Apr,290.95,574.36,48.6,288.0,1016.0,2776.058571428571
2025-04-30,1972.28,1972.28,98.61,0.0,131.0,0.0,Wednesday,30 Apr,140.74,422.02,72.92,385.75,950.85,2694.117142857143
2025-05-01,2292.17,2292.17,114.61,0.0,153.0,0.0,Thursday,01 May,205.74,698.6800000000001,27.5,129.5,1230.75,2688.847142857143
2025-05-02,2727.2000000000003,2727.2,136.36,0.0,182.0,0.0,Friday,02 May,363.29,772.59,0.0,272.82,1318.5,2625.1800000000003
2025-05-03,4061.48,4061.48,203.07,0.0,271.0,0.0,Saturday,03 May,614.45,1360.25,17.0,364.78,1705.0,2691.0828571428574
2025-05-04,3694.89,3694.89,184.74,0.0,246.0,0.0,Sunday,04 May,395.25,1020.01,33.88,481.5,1764.25,2715.1542857142854
2025-05-05,3380.4200000000005,3380.420000000001,169.02,0.0,225.0,0.0,Monday,05 May,587.13,687.3900000000001,30.4,420.75,1654.75,2906.621428571429
2025-05-06,2699.59,2699.59,134.98,0.0,180.0,0.0,Tuesday,06 May,426.8,740.96,19.6,349.38,1162.85,2975.4328571428573
2025-05-07,2217.03,2217.03,110.85,0.0,148.0,0.0,Wednesday,07 May,379.55,639.73,27.85,262.4,907.5,3010.3971428571426
2025-05-08,2363.62,2363.62,118.18,0.0,158.0,0.0,Thursday,08 May,277.04,796.88,23.5,279.0,987.2,3020.604285714286
2025-05-09,3647.78,3647.78,182.39,0.0,243.0,0.0,Friday,09 May,503.17,816.68,84.6,402.28,1841.05,3152.1157142857146
2025-05-10,3515.9700000000003,3515.97,175.8,0.0,234.0,0.0,Saturday,10 May,503.61,865.75,76.88,467.23,1602.5,3074.1857142857148
2025-05-11,3973.72,3973.72,198.69,0.0,265.0,0.0,Sunday,11 May,479.38,697.44,63.0,520.5,2213.4,3114.0185714285717
2025-05-12,2200.61,2200.61,110.03,0.0,147.0,0.0,Monday,12 May,389.74,527.37,11.25,203.25,1069.0,2945.4742857142855
2025-05-13,2399.82,2399.82,119.99,0.0,160.0,0.0,Tuesday,13 May,388.58,379.19,0.0,395.25,1236.8,2902.65
2025-05-14,1939.9,1939.9,97.0,0.0,129.0,0.0,Wednesday,14 May,169.35,462.59,69.21,229.75,1009.0,2863.0600000000004
2025-05-15,2713.44,2713.44,135.67,0.0,181.0,0.0,Thursday,15 May,76.75,837.98,0.0,364.46,1434.25,2913.0342857142855
2025-05-16,2891.04,2891.04,144.55,0.0,193.0,0.0,Friday,16 May,355.94,665.13,10.0,438.17,1421.8,2804.9285714285716
2025-05-17,3029.32,3029.32,151.47,0.0,202.0,0.0,Saturday,17 May,371.44,729.1600000000001,87.5,410.02,1431.2,2735.407142857143
2025-05-18,3953.78,3953.78,197.69,0.0,264.0,0.0,Sunday,18 May,496.54,1070.29,0.0,563.5,1823.45,2732.558571428571
2025-05-19,2094.28,2094.28,104.71,0.0,140.0,0.0,Monday,19 May,170.92,620.36,0.0,314.5,988.5,2717.3685714285716
2025-05-20,2294.25,2294.25,114.71,0.0,153.0,0.0,Tuesday,20 May,343.02,382.98,0.0,553.5,1014.75,2702.287142857143
2025-05-21,2451.34,2451.34,122.57,0.0,163.0,0.0,Wednesday,21 May,408.33,574.55,35.26,415.0,1018.2,2775.3499999999995
2025-05-22,1984.4700000000005,1984.47,99.22,0.0,132.0,0.0,Thursday,22 May,237.9,547.32,0.0,261.0,938.25,2671.2114285714283
2025-05-23,3126.3600000000006,3126.360000000001,156.32,0.0,208.0,0.0,Friday,23 May,547.98,673.22,38.26,440.15,1426.75,2704.8285714285716
2025-05-24,3446.8500000000004,3446.85,172.34,0.0,230.0,0.0,Saturday,24 May,310.36,784.24,32.75,444.15,1875.35,2764.4757142857147
2025-05-25,4001.8,4001.8,200.09,0.0,267.0,0.0,Sunday,25 May,521.59,905.23,19.13,574.5,1981.35,2771.3357142857144
2025-05-26,3762.83,3762.83,188.14,0.0,251.0,0.0,Monday,26 May,565.48,918.89,17.01,536.95,1724.5,3009.7000000000003
2025-05-27,2870.23,2870.23,143.51,0.0,191.0,0.0,Tuesday,27 May,386.2,744.48,0.0,533.1,1206.45,3091.9828571428575
2025-05-28,2824.6800000000003,2824.68,141.23,0.0,188.0,0.0,Wednesday,28 May,214.8,865.3,10.63,341.5,1392.45,3145.317142857143
2025-05-29,3120.89,3120.89,156.04,0.0,208.0,0.0,Thursday,29 May,417.31,697.5600000000001,38.35,421.12,1546.55,3307.662857142858
2025-05-30,4312.530000000001,4312.530000000001,215.63,0.0,288.0,0.0,Friday,30 May,551.31,987.08,64.76,280.38,2429.0,3477.1157142857146
2025-05-31,3910.27,3910.27,195.51,0.0,261.0,0.0,Saturday,31 May,485.18,820.34,0.0,577.25,2027.5,3543.3185714285714
2025-06-01,3765.74,3765.74,188.29,0.0,251.0,0.0,Sunday,01 Jun,472.48,729.1800000000001,105.28,687.0,1771.8,3509.5957142857146
2025-06-02,2122.49,2122.49,106.12,0.0,141.0,0.0,Monday,02 Jun,303.74,558.9,22.83,348.19,888.83,3275.261428571429
2025-06-03,2195.59,2195.59,109.78,0.0,146.0,0.0,Tuesday,03 Jun,271.77,466.26,49.51,436.65,971.4,3178.8842857142854
2025-06-04,2299.2,2299.2,114.96,0.0,153.0,0.0,Wednesday,04 Jun,331.75,753.1,0.0,323.95,890.4,3103.815714285714
2025-06-05,2108.7,2108.7,105.44,0.0,141.0,0.0,Thursday,05 Jun,76.28,751.63,0.0,270.99,1009.8,2959.217142857143
2025-06-06,6113.06,6113.059999999999,305.65,0.0,408.0,0.0,Friday,06 Jun,375.55,795.56,10.5,1119.3,3812.15,3216.4357142857148
2025-06-07,5301.69,5301.69,265.08,0.0,353.0,0.0,Saturday,07 Jun,503.23,1101.52,21.26,739.78,2935.9,3415.21
2025-06-08,3986.04,3986.04,199.3,0.0,266.0,0.0,Sunday,08 Jun,634.09,827.95,45.5,681.92,1796.58,3446.681428571428
2025-06-09,2475.36,2475.36,123.77,0.0,165.0,0.0,Monday,09 Jun,253.41,641.6,14.0,324.85,1241.5,3497.0914285714284
2025-06-10,1972.96,1972.96,98.65,0.0,132.0,0.0,Tuesday,10 Jun,484.7,626.2,64.65,236.81,560.6,3465.287142857143
2025-06-11,2295.19,2295.19,114.76,0.0,153.0,0.0,Wednesday,11 Jun,389.16,591.84,79.64,265.6,968.95,3464.714285714286
2025-06-12,2033.82,2033.82,101.69,0.0,136.0,0.0,Thursday,12 Jun,249.97,518.88,0.0,271.17,993.8,3454.0171428571425
2025-06-13,3789.02,3789.02,189.45,0.0,253.0,0.0,Friday,13 Jun,562.19,763.8299999999999,33.25,594.5,1835.25,3122.0114285714285
2025-06-14,2986.4700000000003,2986.47,149.32,0.0,199.0,0.0,Saturday,14 Jun,308.08,620.59,0.0,558.05,1499.75,2791.2657142857142
2025-06-15,4027.18,4027.18,201.36,0.0,268.0,0.0,Sunday,15 Jun,404.47,1059.53,18.13,593.0,1952.05,2797.1428571428573
2025-06-16,2077.34,2077.34,103.87,0.0,138.0,0.0,Monday,16 Jun,249.08,559.22,12.54,195.0,1061.5,2740.282857142857
2025-06-17,2069.94,2069.94,103.5,0.0,138.0,0.0,Tuesday,17 Jun,266.57,529.72,0.0,345.85,927.8,2754.137142857143
2025-06-18,2309.05,2309.05,115.45,0.0,154.0,0.0,Wednesday,18 Jun,345.58,581.47,40.55,358.45,983.0,2756.117142857143
2025-06-19,2226.6600000000003,2226.66,111.33,0.0,148.0,0.0,Thursday,19 Jun,262.47,440.82,0.0,337.57,1185.8,2783.6657142857143
2025-06-20,2741.7200000000003,2741.72,137.09,0.0,183.0,0.0,Friday,20 Jun,177.52,875.2,0.0,417.0,1272.0,2634.0514285714285
2025-06-21,3696.14,3696.14,184.81,0.0,246.0,0.0,Saturday,21 Jun,540.32,834.21,18.63,630.63,1672.35,2735.432857142857
2025-06-22,3424.6,3424.6,171.23,0.0,228.0,0.0,Sunday,22 Jun,184.08,692.89,0.0,544.63,2003.0,2649.35
2025-06-23,1763.31,1763.31,88.17,0.0,118.0,0.0,Monday,23 Jun,250.85,474.11,0.0,146.5,891.85,2604.4885714285715
2025-06-24,2804.28,2804.28,140.21,0.0,187.0,0.0,Tuesday,24 Jun,135.77,741.91,23.45,499.9,1403.25,2709.394285714286
2025-06-25,2390.15,2390.15,119.51,0.0,159.0,0.0,Wednesday,25 Jun,216.77,621.0,0.0,430.23,1122.15,2720.98
2025-06-26,2347.89,2347.89,117.39,0.0,157.0,0.0,Thursday,26 Jun,390.72,673.37,50.85,198.75,1034.2,2738.2985714285714
2025-06-27,2765.58,2765.58,138.28,0.0,184.0,0.0,Friday,27 Jun,173.97,721.53,42.23,247.1,1580.75,2741.707142857143
2025-06-28,3944.53,3944.53,197.23,0.0,263.0,0.0,Saturday,28 Jun,420.44,725.95,53.25,478.99,2265.9,2777.191428571429
2025-06-29,3308.01,3308.01,165.4,0.0,221.0,0.0,Sunday,29 Jun,351.14,647.11,10.0,596.98,1702.78,2760.535714285714
2025-06-30,2046.51,2046.51,102.33,0.0,136.0,0.0,Monday,30 Jun,240.7,459.76,29.25,282.2,1034.6,2800.9928571428572
2025-07-01,2088.85,2088.85,104.44,0.0,139.0,0.0,Tuesday,01 Jul,326.25,486.6,30.0,323.25,922.75,2698.7885714285717
2025-07-02,1757.41,1757.41,87.87,0.0,117.0,0.0,Wednesday,02 Jul,228.23,443.4,0.0,161.25,924.53,2608.3971428571426
2025-07-03,2254.13,2254.13,112.71,0.0,150.0,0.0,Thursday,03 Jul,169.59,557.69,27.85,197.75,1301.25,2595.002857142857
2025-07-04,3098.7000000000003,3098.7,154.94,0.0,207.0,0.0,Friday,04 Jul,274.73,1021.89,18.13,297.2,1486.75,2642.5914285714284
2025-07-05,3657.53,3657.53,182.88,0.0,244.0,0.0,Saturday,05 Jul,298.44,1083.43,30.38,484.48,1760.8,2601.5914285714284
2025-07-06,3031.0200000000004,3031.02,151.55,0.0,202.0,0.0,Sunday,06 Jul,390.75,597.74,29.38,450.6,1562.55,2562.0214285714287
2025-07-07,2099.53,2099.53,104.98,0.0,140.0,0.0,Monday,07 Jul,292.34,441.81,0.0,422.63,942.75,2569.5957142857146
2025-07-08,2164.86,2164.86,108.24,0.0,144.0,0.0,Tuesday,08 Jul,152.98,514.83,0.0,489.25,1007.8,2580.4542857142856
2025-07-09,2273.64,2273.64,113.68,0.0,152.0,0.0,Wednesday,09 Jul,192.54,475.12,0.0,478.23,1127.75,2654.2014285714286
2025-07-10,1868.38,1868.38,93.42,0.0,125.0,0.0,Thursday,10 Jul,183.53,377.5,14.0,297.1,996.25,2599.094285714286
2025-07-11,2902.4300000000003,2902.43,145.12,0.0,193.0,0.0,Friday,11 Jul,212.7,733.96,0.0,249.62,1706.15,2571.0557142857147
2025-07-12,2968.82,2968.82,148.44,0.0,198.0,0.0,Saturday,12 Jul,405.24,565.25,33.13,466.15,1499.05,2472.6685714285713
2025-07-13,3168.84,3168.84,158.44,0.0,211.0,0.0,Sunday,13 Jul,369.58,669.8,22.75,388.86,1717.85,2492.3571428571427
2025-07-14,2455.64,2455.64,122.78,0.0,164.0,0.0,Monday,14 Jul,237.59,804.8199999999999,37.28,199.5,1176.45,2543.23
2025-07-15,2331.81,2331.81,116.59,0.0,155.0,0.0,Tuesday,15 Jul,403.79,413.34,0.0,371.03,1143.65,2567.0799999999995
2025-07-16,2196.29,2196.29,109.81,0.0,146.0,0.0,Wednesday,16 Jul,306.41,721.2,0.0,212.13,956.55,2556.0299999999997
2025-07-17,2362.2,2362.2,118.11,0.0,157.0,0.0,Thursday,17 Jul,298.18,548.32,0.0,308.9,1206.8,2626.575714285714
2025-07-18,3048.92,3048.92,152.45,0.0,203.0,0.0,Friday,18 Jul,198.37,702.67,0.0,473.06,1674.82,2647.502857142857
2025-07-19,3173.8700000000003,3173.87,158.69,0.0,212.0,0.0,Saturday,19 Jul,328.38,948.98,49.76,320.25,1526.5,2676.7957142857144
2025-07-20,3670.33,3670.33,183.52,0.0,245.0,0.0,Sunday,20 Jul,311.69,672.39,10.0,481.0,2195.25,2748.437142857143
2025-07-21,2533.0800000000004,2533.08,126.65,0.0,169.0,0.0,Monday,21 Jul,184.27,680.61,20.0,507.7,1140.5,2759.5
2025-07-22,2355.5399999999995,2355.54,117.78,0.0,157.0,0.0,Tuesday,22 Jul,193.99,413.5,13.1,543.4,1191.55,2762.89
2025-07-23,2342.78,2342.78,117.14,0.0,156.0,0.0,Wednesday,23 Jul,293.93,572.97,44.38,387.0,1044.5,2783.817142857143
2025-07-24,2657.58,2657.58,132.88,0.0,177.0,0.0,Thursday,24 Jul,340.97,707.73,31.63,280.95,1296.3,2826.014285714286
2025-07-25,3174.58,3174.58,158.73,0.0,212.0,0.0,Friday,25 Jul,374.31,686.5,0.0,389.82,1723.95,2843.9657142857145
2025-07-26,4270.98,4270.98,213.55,0.0,285.0,0.0,Saturday,26 Jul,403.74,1016.72,0.0,597.7700000000001,2252.75,3000.6957142857145
2025-07-27,3192.49,3192.49,159.62,0.0,213.0,0.0,Sunday,27 Jul,263.91,695.72,0.0,642.8100000000001,1590.05,2932.432857142857
2025-07-28,2421.94,2421.94,121.1,0.0,161.0,0.0,Monday,28 Jul,218.67,578.58,21.1,460.66,1142.93,2916.5557142857137
2025-07-29,2768.84,2768.84,138.44,0.0,185.0,0.0,Tuesday,29 Jul,206.51,667.8,60.28,487.75,1346.5,2975.598571428571
2025-07-30,2506.97,2506.97,125.35,0.0,167.0,0.0,Wednesday,30 Jul,295.86,584.05,46.23,395.58,1185.25,2999.0542857142855
2025-07-31,2541.94,2541.94,127.1,0.0,169.0,0.0,Thursday,31 Jul,102.83,645.16,0.0,374.4,1419.55,2982.5342857142855
2025-08-01,2856.3500000000004,2856.35,142.82,0.0,190.0,0.0,Friday,01 Aug,399.67,653.58,53.28,308.1,1441.72,2937.0728571428567
2025-08-02,3681.14,3681.14,184.06,0.0,245.0,0.0,Saturday,02 Aug,579.05,763.09,56.76,576.54,1705.7,2852.81
2025-08-03,3454.66,3454.66,172.73,0.0,230.0,0.0,Sunday,03 Aug,252.41,940.34,51.6,483.5,1726.81,2890.2628571428577
2025-08-04,2582.27,2582.27,129.11,0.0,172.0,0.0,Monday,04 Aug,369.82,624.9,10.85,610.2,966.5,2913.1671428571426
2025-08-05,2883.65,2883.65,144.18,0.0,192.0,0.0,Tuesday,05 Aug,282.41,607.07,28.62,433.25,1532.3,2929.5685714285714
2025-08-06,2370.72,2370.72,118.54,0.0,158.0,0.0,Wednesday,06 Aug,147.09,444.48,9.6,336.0,1433.55,2910.104285714286
2025-08-07,2614.11,2614.11,130.71,0.0,174.0,0.0,Thursday,07 Aug,180.7,586.78,27.25,363.25,1456.13,2920.414285714286
2025-08-08,2935.9300000000003,2935.93,146.8,0.0,196.0,0.0,Friday,08 Aug,269.35,695.9,0.0,408.25,1562.43,2931.7828571428577
2025-08-09,3110.21,3110.21,155.51,0.0,207.0,0.0,Saturday,09 Aug,283.23,882.78,0.0,550.7,1393.5,2850.221428571429
2025-08-10,3105.44,3105.44,155.27,0.0,207.0,0.0,Sunday,10 Aug,403.44,753.98,0.0,538.56,1409.46,2800.332857142857
2025-08-11,2517.84,2517.84,125.89,0.0,168.0,0.0,Monday,11 Aug,325.63,700.56,32.75,184.5,1274.4,2791.128571428572
2025-08-12,2675.91,2675.91,133.8,0.0,178.0,0.0,Tuesday,12 Aug,201.68,547.3,0.0,512.23,1414.7,2761.4514285714286
2025-08-13,2553.69,2553.69,127.68,0.0,170.0,0.0,Wednesday,13 Aug,82.55,571.04,11.0,524.25,1364.85,2787.5899999999997
2025-08-14,2719.84,2719.84,135.99,0.0,181.0,0.0,Thursday,14 Aug,272.89,442.84,15.63,571.25,1417.23,2802.694285714286
2025-08-15,2446.14,2446.14,122.31,0.0,163.0,0.0,Friday,15 Aug,99.86,745.1,0.0,408.48,1192.7,2732.7242857142855
2025-08-16,3525.25,0.0,176.26,0.0,235.0,0.0,Saturday,16 Aug,335.18,727.71,88.36,555.5,1818.5,2792.0157142857142
2025-08-17,3446.18,3446.18,172.31,0.0,230.0,0.0,Sunday,17 Aug,241.6,781.3,178.03,529.6,1715.65,2840.692857142857
2025-08-18,2749.9,2749.9,137.5,0.0,183.0,0.0,Monday,18 Aug,215.71,790.55,67.78,457.63,1218.23,2873.844285714286
2025-08-19,2287.78,2287.78,114.39,0.0,153.0,0.0,Tuesday,19 Aug,160.87,546.82,38.41,357.23,1184.45,2818.3971428571426
2025-08-20,2467.58,2467.58,123.38,0.0,165.0,0.0,Wednesday,20 Aug,199.96,438.97,10.85,297.0,1520.8,2806.095714285714
2025-08-21,2592.71,2592.71,129.64,0.0,173.0,0.0,Thursday,21 Aug,184.6,743.53,9.6,508.73,1146.25,2787.934285714286
2025-08-22,2909.54,2909.54,145.48,0.0,194.0,0.0,Friday,22 Aug,253.96,716.6800000000001,32.5,252.1,1654.3,2854.1342857142854
2025-08-23,3597.95,3597.95,179.9,0.0,240.0,0.0,Saturday,23 Aug,318.78,859.4200000000001,31.5,649.75,1738.5,2864.52
2025-08-24,3948.58,3948.58,197.43,0.0,263.0,0.0,Sunday,24 Aug,388.4,877.9000000000001,68.48,524.5,2089.3,2936.2914285714282
2025-08-25,3276.49,3276.49,163.82,0.0,218.0,0.0,Monday,25 Aug,350.27,657.35,0.0,539.47,1729.4,3011.5185714285717
2025-08-26,2782.0700000000006,2782.070000000001,139.1,0.0,185.0,0.0,Tuesday,26 Aug,186.02,747.51,50.26,364.63,1433.65,3082.1314285714284
2025-08-27,2819.24,2819.24,140.96,0.0,188.0,0.0,Wednesday,27 Aug,204.13,834.46,10.85,301.8,1468.0,3132.3685714285716
2025-08-28,2718.13,2718.13,135.91,0.0,181.0,0.0,Thursday,28 Aug,227.07,821.11,0.0,434.75,1235.2,3150.285714285714
2025-08-29,3812.75,3812.75,190.64,0.0,254.0,0.0,Friday,29 Aug,332.82,1009.2,43.13,330.7,2096.9,3279.315714285714
2025-08-30,4095.39,4095.39,204.77,0.0,273.0,0.0,Saturday,30 Aug,357.25,1435.26,49.1,326.48,1927.3,3350.378571428571
2025-08-31,4147.01,4147.01,207.35,0.0,276.0,0.0,Sunday,31 Aug,354.5,1116.41,71.6,620.5,1984.0,3378.7257142857147
2025-09-01,2256.38,0.0,112.82,0.0,150.0,0.0,Monday,01 Sep,169.52,681.61,17.5,224.75,1163.0,3232.9957142857143
2025-09-02,2080.66,0.0,104.03,0.0,139.0,0.0,Tuesday,02 Sep,206.44,616.04,16.5,546.68,695.0,3132.7942857142857
2025-09-03,2023.74,0.0,101.19,0.0,135.0,0.0,Wednesday,03 Sep,111.48,460.03,18.13,252.25,1181.85,3019.1514285714284
2025-09-04,2037.53,0.0,101.88,0.0,136.0,0.0,Thursday,04 Sep,136.02,791.16,7.5,72.5,1030.35,2921.9228571428575
2025-09-05,2841.98,0.0,142.1,0.0,189.0,0.0,Friday,05 Sep,107.16,932.79,0.0,323.43,1478.6,2783.241428571429
2025-09-06,4538.42,0.0,226.92,0.0,303.0,0.0,Saturday,06 Sep,313.09,1256.57,21.7,541.76,2405.3,2846.531428571429
2025-09-07,3281.53,0.0,164.08,0.0,219.0,0.0,Sunday,07 Sep,302.58,962.4,0.0,441.0,1575.55,2722.8914285714286
2025-09-08,1774.52,0.0,88.73,0.0,118.0,0.0,Monday,08 Sep,132.76,562.76,0.0,374.5,704.5,2654.0542857142855
2025-09-09,1765.11,1765.11,88.26,0.0,118.0,0.0,Tuesday,09 Sep,183.48,629.33,14.5,289.55,648.25,2608.975714285714
2025-09-10,2045.89,2045.89,102.29,0.0,136.0,0.0,Wednesday,10 Sep,111.03,594.39,0.0,569.12,771.35,2612.14
2025-09-11,1918.42,1918.42,95.92,0.0,128.0,0.0,Thursday,11 Sep,135.39,567.3800000000001,0.0,222.28,993.37,2595.124285714286
2025-09-12,3243.7000000000007,3243.700000000001,162.19,0.0,216.0,0.0,Friday,12 Sep,191.28,776.7,20.0,413.32,1842.4,2652.5128571428577
2025-09-13,3617.44,3617.44,180.87,0.0,241.0,0.0,Saturday,13 Sep,395.5,883.29,27.1,416.5,1895.05,2520.944285714286
2025-09-14,3235.51,3235.51,161.78,0.0,216.0,0.0,Sunday,14 Sep,358.66,752.52,25.38,701.75,1397.2,2514.37
2025-09-15,1844.72,1844.72,92.24,0.0,123.0,0.0,Monday,15 Sep,208.54,527.0,30.85,267.58,810.75,2524.3985714285714
2025-09-16,2160.26,2160.26,108.01,0.0,144.0,0.0,Tuesday,16 Sep,136.22,753.7900000000001,25.6,244.05,1000.6,2580.8485714285716
2025-09-17,1772.06,0.0,88.6,0.0,118.0,0.0,Wednesday,17 Sep,123.7,630.31,10.55,332.5,675.0,2541.73
2025-09-18,1973.54,1973.54,98.68,0.0,132.0,0.0,Thursday,18 Sep,165.09,512.6,11.25,406.55,878.05,2549.6042857142857
2025-09-19,3029.8,3029.8,151.49,0.0,202.0,0.0,Friday,19 Sep,341.42,892.23,84.25,310.9,1401.0,2519.047142857143
2025-09-20,3763.96,3763.96,188.2,0.0,251.0,0.0,Saturday,20 Sep,451.52,1032.78,87.38,610.0,1582.28,2539.9785714285713
2025-09-21,3126.94,3126.94,156.35,0.0,208.0,0.0,Sunday,21 Sep,399.55,881.74,26.35,314.7,1504.6,2524.468571428571
2025-09-22,2008.81,2008.81,100.44,0.0,134.0,0.0,Monday,22 Sep,143.62,564.67,15.0,553.52,732.0,2547.91
2025-09-23,1852.62,1852.62,92.63,0.0,124.0,0.0,Tuesday,23 Sep,267.54,342.95,43.98,311.2,886.95,2503.9614285714283
2025-09-24,2360.65,2360.65,118.03,0.0,157.0,0.0,Wednesday,24 Sep,189.07,769.3,60.15,343.55,998.58,2588.0457142857144
2025-09-25,2435.78,2435.78,121.79,0.0,162.0,0.0,Thursday,25 Sep,254.42,666.71,0.0,282.5,1232.15,2654.0800000000004
2025-09-26,3788.9,3788.9,189.45,0.0,253.0,0.0,Friday,26 Sep,464.02,1036.85,8.13,438.5,1841.4,2762.522857142857
2025-09-27,3974.94,3974.94,198.75,0.0,265.0,0.0,Saturday,27 Sep,463.98,1176.07,32.55,571.89,1730.45,2792.662857142857
2025-09-28,3872.79,3872.79,193.64,0.0,258.0,0.0,Sunday,28 Sep,425.18,836.36,34.5,652.25,1924.5,2899.2128571428575
2025-09-29,2398.08,2398.08,119.9,0.0,160.0,0.0,Monday,29 Sep,379.56,691.02,0.0,195.5,1132.0,2954.8228571428567
2025-09-30,2202.75,2202.75,110.14,0.0,147.0,0.0,Tuesday,30 Sep,193.21,588.49,14.5,300.25,1106.3,3004.8414285714284
2025-10-01,2192.81,2192.81,109.64,0.0,146.0,0.0,Wednesday,01 Oct,275.47,488.01,20.5,374.6,1034.23,2980.8642857142854
2025-10-02,2731.9100000000003,2731.91,136.6,0.0,182.0,0.0,Thursday,02 Oct,230.48,1091.92,52.88,243.18,1113.45,3023.1685714285713
2025-10-03,3011.4700000000003,3011.47,150.57,0.0,201.0,0.0,Friday,03 Oct,558.0,869.72,21.5,140.0,1422.25,2912.1071428571427
2025-10-04,4271.26,4271.26,213.56,0.0,285.0,0.0,Saturday,04 Oct,388.16,1340.83,93.07,383.05,2066.15,2954.4385714285713
2025-10-05,4104.55,4104.55,205.23,0.0,274.0,0.0,Sunday,05 Oct,525.35,1210.47,47.6,447.73,1873.4,2987.547142857143
2025-10-06,2350.76,2350.76,117.54,0.0,157.0,0.0,Monday,06 Oct,265.78,751.1500000000001,133.08,300.0,900.75,2980.787142857143
2025-10-07,2686.84,2686.84,134.34,0.0,179.0,0.0,Tuesday,07 Oct,316.13,704.3199999999999,56.29,413.35,1196.75,3049.9428571428575
2025-10-08,2737.13,2737.13,136.86,0.0,182.0,0.0,Wednesday,08 Oct,384.46,799.06,36.38,365.48,1151.75,3127.7028571428573
2025-10-09,2215.25,0.0,110.76,0.0,148.0,0.0,Thursday,09 Oct,334.98,693.86,86.06,199.5,900.85,3053.894285714286
2025-10-10,3643.31,3643.31,182.17,0.0,243.0,0.0,Friday,10 Oct,440.71,895.8,122.19,467.16,1717.45,3144.1571428571433
2025-10-11,3732.16,3732.16,186.61,0.0,249.0,0.0,Saturday,11 Oct,423.47,1123.9,63.16,313.25,1808.38,3067.142857142858
2025-10-12,3581.22,3581.219999999999,179.06,0.0,239.0,0.0,Sunday,12 Oct,370.66,1021.49,0.0,410.37,1778.7,2992.3814285714284
2025-10-13,1906.6,1906.6,95.33,0.0,127.0,0.0,Monday,13 Oct,232.73,578.59,61.53,196.0,837.75,2928.9300000000003
2025-10-14,2132.9,2132.9,106.65,0.0,142.0,0.0,Tuesday,14 Oct,314.06,718.78,41.06,204.0,855.0,2849.7957142857144
2025-10-15,2388.85,2388.85,119.44,0.0,159.0,0.0,Wednesday,15 Oct,271.88,963.47,39.6,313.75,800.15,2800.0414285714287
2025-10-16,2180.87,2180.87,109.04,0.0,145.0,0.0,Thursday,16 Oct,394.58,685.99,0.0,162.25,938.05,2795.13
2025-10-17,3036.94,3036.94,151.85,0.0,202.0,0.0,Friday,17 Oct,489.09,1110.29,10.0,226.08,1201.48,2708.5057142857145
2025-10-18,4675.76,4675.76,233.79,0.0,312.0,0.0,Saturday,18 Oct,447.31,1196.07,17.5,499.33,2515.55,2843.305714285714
2025-10-19,4409.07,4409.07,220.45,0.0,294.0,0.0,Sunday,19 Oct,445.14,1382.02,57.0,633.41,1891.5,2961.5699999999997
2025-10-20,2408.58,2408.58,120.43,0.0,161.0,0.0,Monday,20 Oct,246.38,732.05,36.95,497.75,895.45,3033.281428571429
2025-10-21,2174.57,2174.57,108.73,0.0,145.0,0.0,Tuesday,21 Oct,224.03,628.54,56.55,207.25,1058.2,3039.2342857142858
2025-10-22,2327.2,2327.2,116.36,0.0,155.0,0.0,Wednesday,22 Oct,370.01,713.1600000000001,0.0,374.0,870.03,3030.4271428571433
2025-10-23,2068.14,2068.14,103.41,0.0,138.0,0.0,Thursday,23 Oct,312.34,576.6,36.6,182.75,959.85,3014.3228571428576
2025-10-24,3317.54,3317.54,165.88,0.0,221.0,0.0,Friday,24 Oct,577.42,1261.52,19.6,206.0,1253.0,3054.4085714285716
2025-10-25,3648.19,3648.19,182.41,0.0,243.0,0.0,Saturday,25 Oct,633.12,877.37,27.5,578.45,1531.75,2907.612857142857
2025-10-26,4191.42,4191.42,209.57,0.0,279.0,0.0,Sunday,26 Oct,507.3,1084.15,25.65,585.32,1989.0,2876.52
2025-10-27,2824.19,2824.19,141.21,0.0,188.0,0.0,Monday,27 Oct,443.77,866.98,0.0,346.5,1166.94,2935.8928571428573
2025-10-28,3020.7499999999995,3020.75,151.04,0.0,201.0,0.0,Tuesday,28 Oct,275.09,1084.34,52.83,272.99,1335.5,3056.7757142857145
2025-10-29,3054.62,3054.62,152.73,0.0,204.0,0.0,Wednesday,29 Oct,574.07,738.39,84.33,329.75,1328.08,3160.692857142857
2025-10-30,2832.03,2832.03,141.6,0.0,189.0,0.0,Thursday,30 Oct,229.74,943.87,26.25,217.5,1414.67,3269.8199999999997
2025-10-31,2869.85,2869.85,143.49,0.0,191.0,0.0,Friday,31 Oct,390.49,967.08,26.25,212.48,1273.55,3205.8642857142854
2025-11-01,4124.17,4124.17,206.21,0.0,275.0,0.0,Saturday,01 Nov,458.59,1166.45,0.0,553.78,1945.35,3273.8614285714284
2025-11-02,4043.5,4043.5,202.18,0.0,270.0,0.0,Sunday,02 Nov,583.5,1163.1,0.0,507.15,1789.75,3252.73
2025-11-03,2256.61,2256.61,112.83,0.0,150.0,0.0,Monday,03 Nov,462.24,662.29,0.0,324.86,807.22,3171.6471428571426
2025-11-04,631.92,631.92,31.6,0.0,42.0,0.0,Tuesday,04 Nov,97.0,180.47,0.0,47.95,306.5,2830.3857142857146
2025-11-05,1893.04,1893.04,94.65,0.0,126.0,0.0,Wednesday,05 Nov,244.2,533.66,0.0,311.35,803.83,2664.445714285714
2025-11-06,2545.2300000000005,2545.23,127.26,0.0,170.0,0.0,Thursday,06 Nov,270.57,1028.66,0.0,251.3,994.7,2623.4742857142855
2025-11-07,3289.43,3289.43,164.47,0.0,219.0,0.0,Friday,07 Nov,569.59,944.04,0.0,289.0,1486.8,2683.414285714286
2025-11-08,4821.67,4821.67,241.08,0.0,321.0,0.0,Saturday,08 Nov,684.06,1518.78,0.0,548.38,2070.45,2783.057142857143
2025-11-09,4016.56,4016.559999999999,200.83,0.0,268.0,0.0,Sunday,09 Nov,455.78,1511.2,0.0,427.13,1622.45,2779.2085714285713
2025-11-10,1876.82,1876.82,93.84,0.0,125.0,0.0,Monday,10 Nov,268.53,614.79,0.0,251.75,741.75,2724.952857142857
2025-11-11,2361.91,2361.91,118.1,0.0,157.0,0.0,Tuesday,11 Nov,466.02,821.24,0.0,203.5,871.15,2972.094285714286
2025-11-12,2305.76,2305.76,115.29,0.0,154.0,0.0,Wednesday,12 Nov,170.76,832.86,0.0,211.94,1090.2,3031.054285714286
2025-11-13,2165.16,2165.16,108.26,0.0,144.0,0.0,Thursday,13 Nov,395.6,572.93,0.0,292.98,903.65,2976.7585714285715
2025-11-14,3163.67,3163.67,158.18,0.0,211.0,0.0,Friday,14 Nov,569.69,1193.01,0.0,101.12,1299.85,2958.792857142857
2025-11-15,3467.25,3467.25,173.36,0.0,231.0,0.0,Saturday,15 Nov,393.92,1106.43,0.0,265.75,1701.15,2765.304285714286
2025-11-16,3216.69,3216.69,160.83,0.0,214.0,0.0,Sunday,16 Nov,527.04,820.6,0.0,481.25,1387.8,2651.037142857143
2025-11-17,2347.5,2347.5,117.38,0.0,156.0,0.0,Monday,17 Nov,456.94,672.08,0.0,518.63,699.85,2718.277142857143
2025-11-18,1953.87,1953.87,97.69,0.0,130.0,0.0,Tuesday,18 Nov,267.85,602.52,0.0,209.5,874.0,2659.9857142857145
2025-11-19,2472.41,2472.41,123.62,0.0,165.0,0.0,Wednesday,19 Nov,469.82,1022.34,0.0,188.75,791.5,2683.792857142857
2025-11-20,2199.09,2199.09,109.95,0.0,147.0,0.0,Thursday,20 Nov,362.81,730.48,0.0,182.05,923.75,2688.64
2025-11-21,2585.93,2585.93,129.3,0.0,172.0,0.0,Friday,21 Nov,309.83,636.62,10.85,250.08,1378.55,2606.1057142857144
2025-11-22,3217.86,3217.86,160.89,0.0,215.0,0.0,Saturday,22 Nov,471.75,894.36,0.0,377.75,1474.0,2570.4785714285717
2025-11-23,3160.1,3160.1,158.0,0.0,211.0,0.0,Sunday,23 Nov,455.76,1332.69,0.0,215.4,1156.25,2562.394285714286
2025-11-24,2002.6,2002.6,100.13,0.0,134.0,0.0,Monday,24 Nov,339.06,610.56,23.98,204.5,824.5,2513.1228571428574
2025-11-25,2175.08,2175.08,108.75,0.0,145.0,0.0,Tuesday,25 Nov,353.16,450.12,13.0,258.05,1100.75,2544.7242857142855
2025-11-26,1691.48,1691.48,84.57,0.0,113.0,0.0,Wednesday,26 Nov,247.67,674.63,52.43,163.2,553.55,2433.162857142857
2025-11-27,1898.31,1898.31,94.92,0.0,127.0,0.0,Thursday,27 Nov,187.53,792.23,0.0,257.25,661.3,2390.194285714286
2025-11-28,3351.53,3351.53,167.58,0.0,223.0,0.0,Friday,28 Nov,366.88,1052.25,52.35,257.45,1622.6,2499.565714285714
2025-11-29,3017.05,3017.05,150.85,0.0,201.0,0.0,Saturday,29 Nov,267.29,1048.24,42.53,534.39,1124.6,2470.878571428572
2025-11-30,3082.4700000000003,3082.47,154.12,0.0,205.0,0.0,Sunday,30 Nov,274.89,1186.68,0.0,395.0,1225.9,2459.7885714285717
2025-12-01,1851.04,1851.04,92.55,0.0,123.0,0.0,Monday,01 Dec,344.11,841.53,16.0,282.75,366.65,2438.137142857143
2025-12-02,2139.37,2139.37,106.97,0.0,143.0,0.0,Tuesday,02 Dec,294.06,708.3,18.25,366.43,752.33,2433.035714285714
2025-12-03,1893.27,1893.27,94.66,0.0,126.0,0.0,Wednesday,03 Dec,280.09,622.03,15.0,243.45,732.7,2461.862857142857
2025-12-04,1698.9,1698.9,84.94,0.0,113.0,0.0,Thursday,04 Dec,264.09,614.06,0.0,146.6,674.15,2433.3757142857144
2025-12-05,2907.43,2907.43,145.37,0.0,194.0,0.0,Friday,05 Dec,386.12,1137.06,0.0,272.25,1112.0,2369.932857142857
2025-12-06,3370.07,3370.07,168.5,0.0,225.0,0.0,Saturday,06 Dec,531.36,1224.76,0.0,410.8,1203.15,2420.3642857142863
2025-12-07,3463.02,3463.02,173.15,0.0,231.0,0.0,Sunday,07 Dec,619.56,1029.85,0.0,497.48,1316.13,2474.7285714285713
2025-12-08,1677.75,1677.75,83.89,0.0,112.0,0.0,Monday,08 Dec,375.25,539.25,0.0,232.8,530.45,2449.972857142857
2025-12-09,1816.09,0.0,90.8,0.0,121.0,0.0,Tuesday,09 Dec,328.23,566.17,0.0,162.5,759.19,2403.79
2025-12-10,1946.5,0.0,97.32,0.0,130.0,0.0,Wednesday,10 Dec,334.97,534.63,10.0,217.55,849.35,2411.3942857142856
2025-12-11,1845.02,0.0,92.25,0.0,123.0,0.0,Thursday,11 Dec,210.47,519.5,0.0,195.5,919.55,2432.2685714285717
2025-12-12,2371.47,2475.42,118.57,0.0,158.0,0.0,Friday,12 Dec,233.28,487.95,32.2,425.54,1192.5,2355.702857142857
2025-12-13,1827.8,3266.8,91.39,0.0,122.0,0.0,Saturday,13 Dec,333.55,854.5,17.5,101.5,520.75,2135.3785714285714
2025-12-14,1520.75,3129.9,76.04,0.0,101.0,0.0,Sunday,14 Dec,444.92,614.18,10.85,84.55,366.25,1857.9114285714284
2025-12-15,2051.29,2074.79,102.56,0.0,137.0,0.0,Monday,15 Dec,209.57,692.84,13.03,295.75,840.1,1911.2742857142855
2025-12-16,2153.02,2153.02,107.65,0.0,144.0,0.0,Tuesday,16 Dec,437.15,464.73,41.2,261.69,948.25,1959.4071428571426
2025-12-17,1915.95,1915.95,95.8,0.0,128.0,0.0,Wednesday,17 Dec,297.03,617.0,51.75,269.72,680.45,1955.042857142857
2025-12-18,2315.02,2385.02,115.75,0.0,154.0,0.0,Thursday,18 Dec,288.92,688.54,28.06,315.9,993.6,2022.185714285714
2025-12-19,3103.01,3103.01,155.15,0.0,207.0,0.0,Friday,19 Dec,335.74,926.47,20.1,450.48,1370.22,2126.691428571429
2025-12-20,2372.09,2413.59,118.6,0.0,158.0,0.0,Saturday,20 Dec,70.77,592.62,13.75,337.0,1357.95,2204.447142857143
2025-12-21,3313.03,3313.03,165.65,0.0,221.0,0.0,Sunday,21 Dec,411.47,1007.36,0.0,380.75,1513.45,2460.4871428571428
2025-12-22,2321.4,2321.4,116.07,0.0,155.0,0.0,Monday,22 Dec,151.1,665.97,23.89,372.29,1108.15,2499.074285714286
2025-12-23,2568.61,2575.61,128.43,0.0,171.0,0.0,Tuesday,23 Dec,218.33,634.85,34.93,496.69,1183.81,2558.444285714286
2025-12-24,2620.01,2705.01,131.0,0.0,175.0,0.0,Wednesday,24 Dec,418.36,712.6,0.0,348.1,1140.95,2659.024285714286
2025-12-25,4346.9800000000005,4346.98,217.35,0.0,290.0,0.0,Thursday,25 Dec,319.13,1233.76,42.38,677.59,2074.12,2949.304285714286
2025-12-26,2929.65,2929.65,146.48,0.0,195.0,0.0,Friday,26 Dec,230.12,1011.29,57.76,332.68,1297.8,2924.538571428572
2025-12-27,2828.98,2828.98,141.45,0.0,189.0,0.0,Saturday,27 Dec,49.21,734.23,29.84,337.8,1677.9,2989.808571428572
2025-12-28,3877.32,3881.32,193.87,0.0,258.0,0.0,Sunday,28 Dec,427.16,1195.28,28.28,330.0,1896.6,3070.421428571429
2025-12-29,2616.92,2616.92,130.85,0.0,174.0,0.0,Monday,29 Dec,382.0,601.0,44.0,377.0,1212.92,3112.6385714285716
2025-12-30,2986.77,2986.77,149.34,0.0,199.0,0.0,Tuesday,30 Dec,436.0,686.0,50.0,430.0,1384.77,3172.3757142857144
2025-12-31,5436.99,5436.99,271.85,0.0,362.0,0.0,Wednesday,31 Dec,794.0,1250.0,92.0,782.0,2518.99,3574.8014285714285
2026-01-01,5218.42,5345.13,126.71,0.0,321.0,0.0,Thursday,01 Jan,0.0,0.0,0.0,0.0,0.0,3699.292857142857
2026-01-02,2442.13,2568.47,118.8,0.0,162.0,4.25,Friday,02 Jan,0.0,0.0,0.0,0.0,0.0,3629.6471428571426
2026-01-03,2925.06,3057.82,121.36,0.0,217.0,6.43,Saturday,03 Jan,0.0,0.0,0.0,0.0,0.0,3643.3728571428574
2026-01-04,3690.21,3858.86,161.79,0.0,229.0,3.87,Sunday,04 Jan,0.0,0.0,0.0,0.0,0.0,3616.6428571428573
2026-01-05,1629.71,1703.16,70.38,0.0,112.0,1.73,Monday,05 Jan,0.0,0.0,0.0,0.0,0.0,3475.612857142857
2026-01-06,1633.21,1693.06,59.85,0.0,103.0,0.0,Tuesday,06 Jan,0.0,0.0,0.0,0.0,0.0,3282.247142857143
2026-01-07,2023.36,2114.93,75.54,0.0,134.0,9.04,Wednesday,07 Jan,0.0,0.0,0.0,0.0,0.0,2794.585714285714
2026-01-08,1593.06,1644.92,45.46,0.0,109.0,3.61,Thursday,08 Jan,0.0,0.0,0.0,0.0,0.0,2276.6771428571433
2026-01-09,2780.58,2886.44,105.86,0.0,194.0,0.0,Friday,09 Jan,0.0,0.0,0.0,0.0,0.0,2325.0271428571427
2026-01-10,2615.66,2734.38,115.18,0.0,189.0,2.0,Saturday,10 Jan,0.0,0.0,0.0,0.0,0.0,2280.827142857143
2026-01-11,2702.4,2812.15,109.75,0.0,177.0,0.0,Sunday,11 Jan,0.0,0.0,0.0,0.0,0.0,2139.7114285714283
2026-01-12,1939.04,2029.65,90.61,0.0,120.0,0.0,Monday,12 Jan,0.0,0.0,0.0,0.0,0.0,2183.9014285714284
2026-01-13,2361.77,2485.89,104.53,0.0,161.0,11.05,Tuesday,13 Jan,0.0,0.0,0.0,0.0,0.0,2287.9814285714283
2026-01-14,1808.49,1885.35,73.25,0.0,122.0,2.04,Wednesday,14 Jan,0.0,0.0,0.0,0.0,0.0,2257.285714285714
2026-01-15,2214.01,2318.5,104.49,0.0,165.0,0.0,Thursday,15 Jan,0.0,0.0,0.0,0.0,0.0,2345.992857142857
2026-01-16,2745.0,2837.76,92.76,0.0,190.0,0.0,Friday,16 Jan,0.0,0.0,0.0,0.0,0.0,2340.9100000000003
2026-01-17,3003.35,3132.82,129.47,0.0,222.0,0.0,Saturday,17 Jan,0.0,0.0,0.0,0.0,0.0,2396.2942857142857
2026-01-18,3027.84,3152.64,124.8,0.0,200.0,0.0,Sunday,18 Jan,0.0,0.0,0.0,0.0,0.0,2442.785714285714
2026-01-19,1939.73,2018.49,78.76,0.0,136.0,0.0,Monday,19 Jan,0.0,0.0,0.0,0.0,0.0,2442.884285714286
2026-01-20,2206.58,2296.37,79.66,0.0,140.0,5.71,Tuesday,20 Jan,0.0,0.0,0.0,0.0,0.0,2420.714285714286
2026-01-21,1955.7,2035.51,77.27,0.0,144.0,1.43,Wednesday,21 Jan,0.0,0.0,0.0,0.0,0.0,2441.7442857142855
2026-01-22,1941.86,2008.55,55.35,0.0,139.0,6.4,Thursday,22 Jan,0.0,0.0,0.0,0.0,0.0,2402.8657142857146
2026-01-23,3077.0,3182.7,105.7,0.0,208.0,0.0,Friday,23 Jan,0.0,0.0,0.0,0.0,0.0,2450.2942857142857
2026-01-24,3425.0,3549.52,124.52,0.0,216.0,0.0,Saturday,24 Jan,0.0,0.0,0.0,0.0,0.0,2510.5299999999997
2026-01-25,3511.11,3610.83,99.22,0.0,241.0,0.28,Sunday,25 Jan,0.0,0.0,0.0,0.0,0.0,2579.5685714285714
2026-01-26,1947.63,2025.87,78.24,0.0,125.0,0.0,Monday,26 Jan,0.0,0.0,0.0,0.0,0.0,2580.697142857143
2026-01-27,1788.84,1864.92,73.37,0.0,143.0,1.53,Tuesday,27 Jan,0.0,0.0,0.0,0.0,0.0,2521.02
2026-01-28,2402.72,2514.59,111.88,0.0,153.0,0.0,Wednesday,28 Jan,0.0,0.0,0.0,0.0,0.0,2584.88
2026-01-29,1968.01,2078.58,101.98,0.0,134.0,4.84,Thursday,29 Jan,0.0,0.0,0.0,0.0,0.0,2588.6157142857146
2026-01-30,2880.35,2993.91,100.81,0.0,186.0,7.19,Friday,30 Jan,0.0,0.0,0.0,0.0,0.0,2560.522857142857
2026-01-31,3825.62,3983.5,144.49,0.0,244.0,7.55,Saturday,31 Jan,0.0,0.0,0.0,0.0,0.0,2617.7542857142857
2026-02-01,3224.11,3351.81,117.68,0.0,212.0,5.65,Sunday,01 Feb,0.0,0.0,0.0,0.0,0.0,2576.7542857142857
2026-02-02,2167.89,2279.6,100.1,0.0,160.0,6.55,Monday,02 Feb,0.0,0.0,0.0,0.0,0.0,2608.22
2026-02-03,2325.2,2420.6,90.86,0.0,143.0,2.56,Tuesday,03 Feb,0.0,0.0,0.0,0.0,0.0,2684.8428571428567
2026-02-04,2058.73,2158.28,85.85,0.0,143.0,7.73,Wednesday,04 Feb,0.0,0.0,0.0,0.0,0.0,2635.7014285714286
2026-02-05,2036.35,2117.87,75.74,0.0,138.0,3.26,Thursday,05 Feb,0.0,0.0,0.0,0.0,0.0,2645.464285714286
2026-02-06,3421.16,3533.42,108.53,0.0,219.0,2.1,Friday,06 Feb,0.0,0.0,0.0,0.0,0.0,2722.722857142857
2026-02-07,3002.72,3123.13,109.92,0.0,224.0,5.92,Saturday,07 Feb,0.0,0.0,0.0,0.0,0.0,2605.1657142857143
2026-02-08,3379.13,3521.07,141.94,0.0,207.0,0.0,Sunday,08 Feb,0.0,0.0,0.0,0.0,0.0,2627.3114285714287
2026-02-09,1931.47,2024.51,87.23,0.0,135.0,3.28,Monday,09 Feb,0.0,0.0,0.0,0.0,0.0,2593.537142857143
2026-02-10,2314.9,2437.44,89.69,0.0,158.0,18.53,Tuesday,10 Feb,0.0,0.0,0.0,0.0,0.0,2592.065714285714
2026-02-11,2198.34,2285.52,80.7,0.0,146.0,3.65,Wednesday,11 Feb,0.0,0.0,0.0,0.0,0.0,2612.0099999999998
2026-02-12,2073.6,2147.36,73.76,0.0,151.0,0.0,Thursday,12 Feb,0.0,0.0,0.0,0.0,0.0,2617.3314285714287
2026-02-13,2855.31,2997.14,128.89,8.5,200.0,2.5,Friday,13 Feb,0.0,0.0,0.0,0.0,0.0,2536.4957142857143
2026-02-14,4068.76,4243.85,159.19,0.0,277.0,8.97,Saturday,14 Feb,0.0,0.0,0.0,0.0,0.0,2688.787142857143
2026-02-15,4118.7,4305.48,177.37,0.0,259.0,5.31,Sunday,15 Feb,0.0,0.0,0.0,0.0,0.0,2794.44
2026-02-16,2805.67,2946.24,132.56,0.0,181.0,4.52,Monday,16 Feb,0.0,0.0,0.0,0.0,0.0,2919.325714285714
2026-02-17,2952.82,3106.83,154.01,0.0,198.0,0.0,Tuesday,17 Feb,0.0,0.0,0.0,0.0,0.0,3010.457142857143
2026-02-18,2505.41,2603.57,98.16,0.0,163.0,0.0,Wednesday,18 Feb,0.0,0.0,0.0,0.0,0.0,3054.324285714286
2026-02-19,2378.08,2451.72,73.64,0.0,162.0,0.0,Thursday,19 Feb,0.0,0.0,0.0,0.0,0.0,3097.8214285714284
2026-02-20,2857.67,2937.9,80.23,0.0,197.0,0.0,Friday,20 Feb,0.0,0.0,0.0,0.0,0.0,3098.1585714285716
2026-02-21,3004.84,3098.06,85.3,0.0,201.0,4.47,Saturday,21 Feb,0.0,0.0,0.0,0.0,0.0,2946.1699999999996
2026-02-22,3114.74,3201.83,69.15,0.0,214.0,10.12,Sunday,22 Feb,0.0,0.0,0.0,0.0,0.0,2802.747142857143
2026-02-23,2065.74,2143.65,77.91,0.0,133.0,0.0,Monday,23 Feb,0.0,0.0,0.0,0.0,0.0,2697.042857142857
2026-02-24,2072.35,2164.55,85.04,0.0,148.0,4.04,Tuesday,24 Feb,0.0,0.0,0.0,0.0,0.0,2571.261428571429
2026-02-25,2326.49,2405.64,79.15,0.0,185.0,0.0,Wednesday,25 Feb,0.0,0.0,0.0,0.0,0.0,2545.7014285714286
2026-02-26,2105.8,2190.96,74.91,10.25,157.0,0.0,Thursday,26 Feb,0.0,0.0,0.0,0.0,0.0,2506.804285714286
2026-02-27,3012.8,3109.85,97.05,0.0,205.0,0.0,Friday,27 Feb,0.0,0.0,0.0,0.0,0.0,2528.9657142857145
2026-02-28,3820.58,3937.94,122.38,0.0,257.0,3.37,Saturday,28 Feb,0.0,0.0,0.0,0.0,0.0,2645.5
2026-03-01,3776.45,3880.34,100.12,0.0,255.0,2.13,Sunday,01 Mar,0.0,0.0,0.0,0.0,0.0,2740.0299999999997
2026-03-02,2183.65,2258.07,71.81,0.0,161.0,1.47,Monday,02 Mar,0.0,0.0,0.0,0.0,0.0,2756.8742857142856
2026-03-03,2388.9,2474.73,78.55,0.0,170.0,4.11,Tuesday,03 Mar,0.0,0.0,0.0,0.0,0.0,2802.095714285714
2026-03-04,2153.17,2211.95,58.78,0.0,156.0,0.0,Wednesday,04 Mar,0.0,0.0,0.0,0.0,0.0,2777.3357142857144
2026-03-05,2473.78,2558.44,79.18,0.0,189.0,3.09,Thursday,05 Mar,0.0,0.0,0.0,0.0,0.0,2829.9042857142854
2026-03-06,2492.26,2555.31,63.05,0.0,204.0,0.0,Friday,06 Mar,0.0,0.0,0.0,0.0,0.0,2755.5414285714287
2026-03-07,3280.24,3354.23,64.64,0.0,242.0,5.27,Saturday,07 Mar,0.0,0.0,0.0,0.0,0.0,2678.35
2026-03-08,3532.74,3622.64,87.79,0.0,225.0,1.19,Sunday,08 Mar,0.0,0.0,0.0,0.0,0.0,2643.5342857142855
2026-03-09,2688.14,2762.62,74.48,0.0,186.0,0.0,Monday,09 Mar,0.0,0.0,0.0,0.0,0.0,2715.6042857142857
2026-03-10,2429.5,2544.68,88.63,0.0,150.0,14.97,Tuesday,10 Mar,0.0,0.0,0.0,0.0,0.0,2721.404285714286
2026-03-11,2237.36,2323.18,78.93,0.0,161.0,3.89,Wednesday,11 Mar,0.0,0.0,0.0,0.0,0.0,2733.4314285714286
2026-03-12,2212.21,2297.8,82.35,0.0,145.0,1.83,Thursday,12 Mar,0.0,0.0,0.0,0.0,0.0,2696.0642857142857
2026-03-13,3131.92,3246.58,114.66,0.0,219.0,0.0,Friday,13 Mar,0.0,0.0,0.0,0.0,0.0,2787.444285714286
2026-03-14,2834.07,2941.77,93.14,0.0,216.0,8.21,Saturday,14 Mar,0.0,0.0,0.0,0.0,0.0,2723.7057142857143
2026-03-15,3757.79,3896.49,124.84,0.0,248.0,7.82,Sunday,15 Mar,0.0,0.0,0.0,0.0,0.0,2755.855714285714
2026-03-16,2072.84,2135.18,62.34,0.0,157.0,0.0,Monday,16 Mar,33.6,74.50999999999999,0.0,104.07,203.98,2667.9557142857147
2026-03-17,2351.2,2447.42,84.26,0.0,158.0,6.74,Tuesday,17 Mar,357.23,415.81,48.96,435.17,1094.03,2656.77
2026-03-18,2203.3,2278.59,64.7,0.0,176.0,5.97,Wednesday,18 Mar,296.02,463.33,46.6,209.48,1187.87,2651.904285714286
2026-03-19,2018.95,2101.01,75.85,6.0,142.0,3.5,Thursday,19 Mar,405.77,246.9,23.1,328.97,1014.21,2624.2957142857144
2026-03-20,4193.47,4340.21,136.7,0.0,321.0,5.66,Friday,20 Mar,359.57,541.69,47.6,461.61,2783.01,2775.9457142857145
2026-03-21,4644.38,4836.61,182.23,10.0,323.0,0.0,Saturday,21 Mar,366.17,579.73,0.0,632.91,3065.56,3034.5614285714287
2026-03-22,3648.79,3843.51,170.42,5.5,240.0,10.6,Sunday,22 Mar,496.63,758.9300000000001,64.7,447.46,1881.07,3018.9900000000002
2026-03-23,1728.88,1822.34,93.46,0.0,118.0,0.0,Monday,23 Mar,96.5,390.4,0.0,314.88,927.1,2969.8528571428574
2026-03-24,2153.63,2251.7,98.07,0.0,136.0,0.0,Tuesday,24 Mar,228.5,518.29,0.0,417.85,988.99,2941.628571428572
2026-03-25,1506.73,1564.49,57.76,0.0,104.0,0.0,Wednesday,25 Mar,260.07,284.90000000000003,0.0,224.09,737.68,2842.1185714285716
2026-03-26,1630.87,1694.76,60.29,0.0,111.0,2.03,Thursday,26 Mar,367.86,332.87,19.0,191.41,719.74,2786.6785714285716
2026-03-27,2291.34,2413.62,111.25,0.0,166.0,6.22,Friday,27 Mar,429.9,462.48,51.59,174.36,1173.01,2514.945714285714
2026-03-28,2750.21,2873.55,102.76,0.0,198.0,11.61,Saturday,28 Mar,384.58,438.89,80.1,427.49,1419.15,2244.35
2026-03-29,3508.68,3622.8,114.12,0.0,220.0,0.0,Sunday,29 Mar,327.63,970.06,0.0,435.12,1775.88,2224.3342857142857
2026-03-30,2142.66,2252.33,109.67,0.0,139.0,0.0,Monday,30 Mar,267.9,556.88,0.0,205.18,1112.7,2283.445714285714
2026-03-31,2590.23,2693.75,99.99,0.0,162.0,1.99,Tuesday,31 Mar,258.08,816.7,11.2,409.44,1094.81,2345.817142857143
2026-04-01,2134.74,2253.01,103.81,7.5,144.0,3.92,Wednesday,01 Apr,297.05,425.65,21.6,247.89,1142.54,2435.532857142857
2026-04-02,2488.5,2575.94,87.44,0.0,151.0,0.0,Thursday,02 Apr,205.26,806.06,0.0,238.92,1238.26,2558.0514285714285
2026-04-03,2703.06,2804.37,84.67,0.0,177.0,9.38,Friday,03 Apr,540.73,657.12,64.24,335.54,1105.44,2616.868571428571
2026-04-04,3020.78,3121.88,101.1,0.0,197.0,0.0,Saturday,04 Apr,451.8,631.42,0.0,225.38,1712.18,2655.5214285714287
2026-04-05,4373.81,4557.93,170.4,0.0,268.0,7.74,Sunday,05 Apr,474.25,812.89,111.65,845.61,2129.42,2779.1114285714284
2026-04-06,2816.47,2953.64,116.08,8.5,197.0,7.1,Monday,06 Apr,280.28000000000003,532.02,43.7,361.59,1598.89,2875.37
2026-04-07,2195.79,2327.65,115.13,0.0,135.0,9.43,Tuesday,07 Apr,160.44,398.59,58.68,310.29,1267.8,2819.0214285714287
2026-04-08,2421.34,2520.78,93.94,5.5,171.0,0.0,Wednesday,08 Apr,221.64,371.97,0.0,427.66,1400.07,2859.964285714286
2026-04-09,2403.16,2511.78,108.62,0.0,176.0,0.0,Thursday,09 Apr,197.84,440.84,0.0,271.51,1492.96,2847.772857142857
2026-04-10,2795.04,2898.72,103.68,0.0,188.0,0.0,Friday,10 Apr,423.97,560.23,0.0,401.61,1409.23,2860.912857142858
2026-04-11,3446.3,3566.7,120.4,0.0,222.0,0.0,Saturday,11 Apr,487.12,750.34,0.0,321.47,1887.38,2921.7014285714286
2026-04-12,3582.86,3722.64,139.78,0.0,220.0,0.0,Sunday,12 Apr,361.68,836.79,0.0,421.08,1963.31,2808.7085714285713
2026-04-13,2094.89,2183.58,88.69,0.0,145.0,0.0,Monday,13 Apr,280.15,427.85,0.0,271.54,1115.35,2705.625714285714
2026-04-14,1768.38,1827.09,65.71,0.0,127.0,0.0,Tuesday,14 Apr,231.97,296.47,0.0,197.83,1042.11,2644.567142857143
2026-04-15,2385.42,2484.11,98.69,0.0,160.0,0.0,Wednesday,15 Apr,515.7,608.63,0.0,222.38,1038.72,2639.4357142857143
2026-04-16,1650.87,1708.12,57.25,0.0,117.0,0.0,Thursday,16 Apr,335.38,470.41,0.0,141.72,703.35,2531.965714285714
2026-04-17,2470.39,2558.78,78.39,10.0,166.0,0.0,Friday,17 Apr,237.88,869.65,0.0,253.51,1109.37,2485.587142857143
2026-04-18,3008.34,3147.57,139.23,0.0,183.0,0.0,Saturday,18 Apr,355.39,606.45,0.0,337.26,1709.23,2423.0214285714287
2026-04-19,2626.43,2727.75,101.82,0.0,179.0,0.0,Sunday,19 Apr,367.63,682.55,0.0,402.21,1174.05,2286.388571428571
2026-04-20,1964.79,2042.08,71.81,0.0,135.0,6.18,Monday,20 Apr,338.59,776.14,17.65,205.3,627.11,2267.802857142857
2026-04-21,1888.0,1961.74,72.05,0.0,137.0,1.91,Tuesday,21 Apr,316.65,327.4,21.0,174.01999999999998,1048.93,2284.8914285714286
2026-04-22,1914.54,1980.27,64.64,0.0,119.0,1.2,Wednesday,22 Apr,384.86,603.64,16.2,119.66,790.18,2217.6228571428574
2026-04-23,2242.94,2308.1,57.39,0.0,159.0,7.77,Thursday,23 Apr,351.96,547.54,26.6,410.46,906.38,2302.2042857142856
2026-04-24,2181.44,2273.1,82.78999999999999,0.0,162.0,8.870000000000001,Friday,24 Apr,255.05,504.27,39.8,152.34,1229.98,2260.925714285714
2026-04-25,3213.32,3322.5,109.18,0.0,237.0,0.0,Saturday,25 Apr,514.8299999999999,755.88,0.0,354.5,1588.11,2290.2085714285713
2026-04-26,3172.76,3318.78,138.14,0.0,219.0,7.88,Sunday,26 Apr,374.62,645.93,43.8,429.62,1678.79,2368.2557142857145
2026-04-27,1440.28,1484.64,39.18,0.0,106.0,5.18,Monday,27 Apr,272.93,455.49,16.6,110.08,642.68,2293.325714285714
2026-04-28,1698.37,1753.06,41.74,0.0,116.0,12.95,Tuesday,28 Apr,437.03,332.13,68.04,107.82,753.35,2266.2357142857145
2026-04-29,1879.04,1935.84,56.8,0.0,128.0,0.0,Wednesday,29 Apr,442.81,416.51,0.0,203.28,816.4399999999999,2261.1642857142856
2026-04-30,2018.08,2099.08,81.0,0.0,136.0,0.0,Thursday,30 Apr,164.13,401.53,0.0,151.74,1300.68,2229.0414285714282
2026-05-01,2266.73,2356.24,89.51,0.0,166.0,0.0,Friday,01 May,244.79,616.98,0.0,212.64,1192.32,2241.2257142857147
2026-05-02,3137.52,3267.42,129.9,0.0,205.0,0.0,Saturday,02 May,560.89,751.07,0.0,232.61,1592.95,2230.397142857143
2026-05-03,3296.02,3412.11,110.51,0.0,200.0,5.58,Sunday,03 May,443.6,869.92,37.2,309.15,1636.15,2248.0057142857145
2026-05-04,3082.07,3189.16,101.14,0.0,201.0,5.96,Monday,04 May,521.8,476.88,47.1,329.05,1701.24,2482.547142857143
